alpha,n_calibration,quantile_level,q_hat,seuil_score
0.05,10402,0.9500913285906556,0.84747,0.15253000000000005
