Methode,Couverture_globale,Taille_moyenne
Baseline,0.9152793192748797,1.277007029226785
PAS,0.9517203107658158,2.4047354790972992
