phase,coverage,avg_size,median_size,empty_rate
2,0.9152793192748797,1.277007029226785,1.0,0.0
